产品名称：Samsung/三星 MZ-75E250...,硬盘容量: 250GB,699.00,1537
产品名称：Samsung/三星 MZ-75E250...,硬盘容量: 250GB,699.00,1537
产品名称：PLEXTOR/浦科特 PX-256M...,硬盘容量: 256GB,859.00,714
产品名称：PLEXTOR/浦科特 PX-256M...,硬盘容量: 256GB,859.00,714
产品名称：士必得 T6-120G,硬盘容量: 120GB,499.00,1290
产品名称：士必得 T6-120G,硬盘容量: 120GB,499.00,1290
产品名称：Lenovo/联想 SL700 固态硬...,硬盘容量: 128GB,495.00,499
产品名称：Lenovo/联想 SL700 固态硬...,硬盘容量: 128GB,495.00,499
产品名称：Lenovo/联想 SL700 固态硬...,硬盘容量: 256GB,941.00,160
产品名称：Lenovo/联想 SL700 固态硬...,硬盘容量: 256GB,941.00,160
产品名称：影驰 铁甲战将 120GB,硬盘容量: 120GB,399.00,1260
产品名称：影驰 铁甲战将 120GB,硬盘容量: 120GB,399.00,1260
产品名称：Samsung/三星 MZ-75E500...,硬盘容量: 500GB,1399.00,116
产品名称：Samsung/三星 MZ-75E500...,硬盘容量: 500GB,1399.00,116
产品名称：Lenovo/联想 联想 SL700 ...,硬盘容量: 128GB,485.00,267
产品名称：Lenovo/联想 联想 SL700 ...,硬盘容量: 128GB,485.00,267
产品名称：Toshiba/东芝 Q300 480G,硬盘容量: 480GB,1299.00,91
产品名称：Toshiba/东芝 Q300 480G,硬盘容量: 480GB,1299.00,91
产品名称：Samsung/三星 MZ-M5E250,硬盘容量: 250GB,998.00,102
产品名称：Samsung/三星 MZ-M5E250,硬盘容量: 250GB,998.00,102
产品名称：PLEXTOR/浦科特 PX-128M...,硬盘容量: 128GB,449.00,227
产品名称：PLEXTOR/浦科特 PX-128M...,硬盘容量: 128GB,449.00,227
产品名称：影驰 铠甲战将 128gb,硬盘容量: 128GB,399.00,156
产品名称：影驰 铠甲战将 128gb,硬盘容量: 128GB,399.00,156
产品名称：影驰 铁甲战将480G,硬盘容量: 480GB,999.00,179
产品名称：影驰 铁甲战将480G,硬盘容量: 480GB,999.00,179
产品名称：PLEXTOR/浦科特 PX-256M...,硬盘容量: 256GB,999.00,72
产品名称：PLEXTOR/浦科特 PX-256M...,硬盘容量: 256GB,999.00,72
产品名称：LITEON T10 240G,硬盘容量: 240GB,749.00,431
产品名称：LITEON T10 240G,硬盘容量: 240GB,749.00,431
产品名称：Samsung/三星 MZ-V6E250...,硬盘容量: 250GB,1888.00,57
产品名称：Samsung/三星 MZ-V6E250...,硬盘容量: 250GB,1888.00,57
产品名称：影驰 铁甲战将240G,硬盘容量: 240GB,599.00,157
产品名称：影驰 铁甲战将240G,硬盘容量: 240GB,599.00,157
产品名称：Intel/英特尔 600P 512G ...,硬盘容量: 512GB,1699.00,61
产品名称：Intel/英特尔 600P 512G ...,硬盘容量: 512GB,1699.00,61
产品名称：CRUCIAL/镁光 CT525MX300...,硬盘容量: 525G,1059.00,110
产品名称：CRUCIAL/镁光 CT525MX300...,硬盘容量: 525G,1059.00,110
产品名称：Kingston/金士顿 SA400S3...,硬盘容量: 120GB,399.00,251
产品名称：Kingston/金士顿 SA400S3...,硬盘容量: 120GB,399.00,251
产品名称：Toshiba/东芝 Q200 EX (...,硬盘容量: 240GB,659.00,135
产品名称：Toshiba/东芝 Q200 EX (...,硬盘容量: 240GB,659.00,135
产品名称：PLEXTOR/浦科特 PX-512M...,硬盘容量: 512GB,1599.00,64
产品名称：PLEXTOR/浦科特 PX-512M...,硬盘容量: 512GB,1599.00,64
产品名称：Intel/英特尔 600P 512G,硬盘容量: 512GB,1150.00,77
产品名称：Intel/英特尔 600P 512G,硬盘容量: 512GB,1150.00,77
产品名称：Sandisk/闪迪 SDSSDA-12...,硬盘容量: 120GB,369.00,289
产品名称：Sandisk/闪迪 SDSSDA-12...,硬盘容量: 120GB,369.00,289
产品名称：tigo/金泰克 S300 120G,硬盘容量: 120GB,399.00,393
产品名称：tigo/金泰克 S300 120G,硬盘容量: 120GB,399.00,393
产品名称：AData/威刚 SU800 256G,硬盘容量: 256GB,629.00,75
产品名称：AData/威刚 SU800 256G,硬盘容量: 256GB,629.00,75
产品名称：Sandisk/闪迪 SDSSDA-24...,硬盘容量: 240GB,799.00,117
产品名称：Sandisk/闪迪 SDSSDA-24...,硬盘容量: 240GB,799.00,117
产品名称：Gloway 猛将60G,硬盘容量: 60GB,399.00,2218
产品名称：Gloway 猛将60G,硬盘容量: 60GB,399.00,2218
产品名称：AData/威刚 SU800 128G,硬盘容量: 128GB,369.00,387
产品名称：AData/威刚 SU800 128G,硬盘容量: 128GB,369.00,387
产品名称：Fujitsu/富士通 F200-12...,硬盘容量: 120GB,399.00,206
产品名称：Fujitsu/富士通 F200-12...,硬盘容量: 120GB,399.00,206
产品名称：Kingston/金士顿 SV300S3...,硬盘容量: 240GB,649.00,177
产品名称：Kingston/金士顿 SV300S3...,硬盘容量: 240GB,649.00,177
产品名称：士必得 M3-90G,硬盘容量: 90GB,359.00,1373
产品名称：士必得 M3-90G,硬盘容量: 90GB,359.00,1373
产品名称：Kingston/金士顿 SHFS37A...,硬盘容量: 240GB,659.00,47
产品名称：Kingston/金士顿 SHFS37A...,硬盘容量: 240GB,659.00,47
产品名称：Kingston/金士顿 SUV400S...,硬盘容量: 240GB,599.00,875
产品名称：Kingston/金士顿 SUV400S...,硬盘容量: 240GB,599.00,873
产品名称：CRUCIAL/镁光 CT275MX300...,硬盘容量: 275GB,709.00,69
产品名称：CRUCIAL/镁光 CT275MX300...,硬盘容量: 275GB,709.00,69
产品名称：Sandisk/闪迪 SDSSDA-24...,硬盘容量: 240GB,549.00,901
产品名称：Sandisk/闪迪 SDSSDA-24...,硬盘容量: 240GB,549.00,901
产品名称：Intel/英特尔 Optane 傲腾...,硬盘容量: 32GB,799.00,84
产品名称：Intel/英特尔 Optane 傲腾...,硬盘容量: 32GB,799.00,84
产品名称：Toshiba/东芝 Q300 240G,硬盘容量: 240GB,569.99,119
产品名称：Toshiba/东芝 Q300 240G,硬盘容量: 240GB,569.99,119
产品名称：Apacer/宇瞻 黑豹120G,硬盘容量: 120GB,459.00,356
产品名称：Apacer/宇瞻 黑豹120G,硬盘容量: 120GB,459.00,356
产品名称：Toshiba/东芝 A100 240G,硬盘容量: 240GB,599.00,1466
产品名称：Toshiba/东芝 A100 240G,硬盘容量: 240GB,599.00,1466
产品名称：ov SSDOV13SATA-120G,硬盘容量: 120GB,319.00,451
产品名称：ov SSDOV13SATA-120G,硬盘容量: 120GB,319.00,451
产品名称：Samsung/三星 MZ-750120...,硬盘容量: 120GB,459.00,1387
产品名称：Samsung/三星 MZ-750120...,硬盘容量: 120GB,459.00,1387
产品名称：eekoo/壹酷 K100,硬盘容量: 120GB,500.00,107
产品名称：eekoo/壹酷 K100,硬盘容量: 120GB,500.00,107
产品名称：Lenovo/联想 ST510(120G...,硬盘容量: 120GB,499.00,765
产品名称：Lenovo/联想 ST510(120G...,硬盘容量: 120GB,499.00,765
产品名称：Intel/英特尔 固态硬盘,硬盘容量: 其他/other,489.00,71
产品名称：Intel/英特尔 固态硬盘,硬盘容量: 其他/other,489.00,71
产品名称：PNY/必恩威 幻象120G,硬盘容量: 120GB,599.00,86
产品名称：PNY/必恩威 幻象120G,硬盘容量: 120GB,599.00,86
产品名称：Lenovo/联想 ST510(240G...,硬盘容量: 240GB,599.00,101
产品名称：Lenovo/联想 ST510(240G...,硬盘容量: 240GB,599.00,101
产品名称：精亿 唐将120G固态硬盘,硬盘容量: 120GB,580.00,62
产品名称：精亿 唐将120G固态硬盘,硬盘容量: 120GB,580.00,62
产品名称：Gloway 猛将32G,硬盘容量: 32GB,299.00,1425
产品名称：Gloway 猛将32G,硬盘容量: 32GB,299.00,1425
产品名称：eekoo/壹酷 SSD 120G,硬盘容量: 120GB,500.00,1734
产品名称：eekoo/壹酷 SSD 120G,硬盘容量: 120GB,500.00,1734
产品名称：ShineDisk M756 120G,硬盘容量: 120GB,398.00,175
产品名称：ShineDisk M756 120G,硬盘容量: 120GB,398.00,175
产品名称：ShineDisk M746 120G,硬盘容量: 120GB,394.00,85
产品名称：ShineDisk M746 120G,硬盘容量: 120GB,394.00,85
产品名称：Team/十铨科技 Ultra L5 ...,硬盘容量: 120GB,299.00,209
产品名称：Team/十铨科技 Ultra L5 ...,硬盘容量: 120GB,299.00,209
产品名称：烽火狼 T6-120G,硬盘容量: 120GB,298.00,97
产品名称：烽火狼 T6-120G,硬盘容量: 120GB,298.00,97
产品名称：烽火狼 H5-60G,硬盘容量: 60GB,188.99,293
产品名称：烽火狼 H5-60G,硬盘容量: 60GB,188.99,293
产品名称：LITEON 睿速 T9 256G,硬盘容量: 256GB,639.99,489
产品名称：LITEON 睿速 T9 256G,硬盘容量: 256GB,639.99,489
产品名称：LITEON 睿速 T9 128G,硬盘容量: 128GB,439.99,245
产品名称：LITEON 睿速 T9 128G,硬盘容量: 128GB,439.99,245
产品名称：Intel/英特尔 600P 256G,硬盘容量: 256GB,799.00,504
产品名称：Intel/英特尔 600P 256G,硬盘容量: 256GB,799.00,504
